[
    { "name": "John Doe", "type": "student" },
    { "name": "Physics 101", "type": "course" },
    { "name": "Dr. Jane Smith", "type": "teacher" },
    { "name": "Introduction to Psychology", "type": "subject" },
    { "name": "Lecture Hall A1", "type": "classroom" },
    { "name": "Harvard University", "type": "school" },
    { "name": "Department of Computer Science", "type": "department" },
    { "name": "Spring 2023", "type": "semester" },
    { "name": "Bachelor of Science", "type": "degree" },
    { "name": "Homework 3: Calculus Practice", "type": "assignment" },
    { "name": "Midterm Exam", "type": "exam" },
    { "name": "A+", "type": "grade" },
    { "name": "Academic Transcript", "type": "transcript" },
    { "name": "Fall Semester Schedule", "type": "schedule" },
    { "name": "Mr. Tom Wilson", "type": "administrator" },
    { "name": "Mrs. Linda Green", "type": "counselor" },
    { "name": "Parent-Teacher Conference", "type": "parent" },
    { "name": "2023 Enrollment Record", "type": "enrollment" },
    { "name": "STEM Scholarship", "type": "scholarship" },
    { "name": "Central Library", "type": "library" },
    { "name": "Calculus Textbook", "type": "textbook" },
    { "name": "Debate Club", "type": "club" },
    { "name": "Class of 2020", "type": "alumni" },
    { "name": "Computer Science Curriculum", "type": "curriculum" },
    { "name": "Syllabus for Data Science", "type": "syllabus" },
    { "name": "Capstone Project", "type": "project" },
    { "name": "Summer Internship at TechCorp", "type": "internship" },
    { "name": "Attendance Record for April", "type": "attendance" },
    { "name": "Math Tutor - Dr. Alice Brown", "type": "tutor" },
    { "name": "Field Trip to Science Museum", "type": "field_trip" },
    { "name": "Research Presentation", "type": "presentation" },
    { "name": "Genetics Research Study", "type": "research" },
    { "name": "Course Feedback Form", "type": "feedback" },
    { "name": "AI in Education Conference", "type": "conference" },
    { "name": "Creative Writing Workshop", "type": "workshop" },
    { "name": "Mentor: Dr. Samuels", "type": "mentor" },
    { "name": "Peer Study Group", "type": "peer" },
    { "name": "Alumni Network", "type": "network" },
    { "name": "Learning Outcome Assessment", "type": "outcome" },
    { "name": "Academic Achievement Award", "type": "achievement" },
    { "name": "Online Learning Platform", "type": "platform" },
    { "name": "University Community", "type": "community" },
    { "name": "University Attendance Policy", "type": "policy" },
    { "name": "STEM Program", "type": "program" },
    { "name": "Student Resources Center", "type": "resource" },
    { "name": "Student Support Services", "type": "support" },
    { "name": "Sustainability Initiative", "type": "initiative" },
    { "name": "Educational Innovation", "type": "innovation" },
    { "name": "EdTech Solutions", "type": "technology" },
    { "name": "Equity and Inclusion Program", "type": "equity" },
    { "name": "Inclusion Workshop", "type": "inclusion" },
    { "name": "Career Mentorship Program", "type": "mentorship" },
    { "name": "Student Assessment Results", "type": "assessment" },
    { "name": "Creativity in Design", "type": "creativity" },
    { "name": "Critical Thinking Course", "type": "critical_thinking" },
    { "name": "Literacy Program", "type": "literacy" },
    { "name": "Numeracy Skills Workshop", "type": "numeracy" },
    { "name": "Public Speaking Skill", "type": "skill" },
    { "name": "Teaching Experience", "type": "experience" },
    { "name": "STEM Curriculum", "type": "curriculum" },
    { "name": "Spring Enrollment Period", "type": "enrollment" },
    { "name": "Student Success Program", "type": "success" },
    { "name": "Academic Challenge", "type": "challenge" },
    { "name": "Motivation Workshop", "type": "motivation" },
    { "name": "Student Advocacy Group", "type": "advocacy" },
    { "name": "Student Engagement Program", "type": "engagement" },
    { "name": "Faculty Collaboration Project", "type": "collaboration" },
    { "name": "Literacy Awareness Campaign", "type": "literacy" },
    { "name": "Numeracy Test", "type": "numeracy" },
    { "name": "Programming Skills", "type": "skill" },
    { "name": "Career Counseling Session", "type": "career" },
    { "name": "Leadership Training", "type": "leadership" },
    { "name": "Education Strategy Plan", "type": "strategy" },
    { "name": "Professional Networking Event", "type": "networking" },
    { "name": "Summer Teaching Experience", "type": "experience" },
    { "name": "High School Curriculum", "type": "curriculum" },
    { "name": "Midterm Assessment", "type": "assessment" },
    { "name": "Community Outreach Program", "type": "community" },
    { "name": "Wellness Workshop", "type": "wellness" },
    { "name": "Educational Journal", "type": "journal" },
    { "name": "Annual Academic Conference", "type": "conference" },
    { "name": "Jane Roe", "type": "person_name" },
    { "name": "Canvas", "type": "software_system" },
    { "name": "Class Materials Attachment", "type": "attachment" },
    { "name": "Graduation Achievement Award", "type": "achievement" },
    { "name": "Academic Goals", "type": "goal" },
    { "name": "Certificate of Completion", "type": "certificate" },
    { "name": "Learning Framework", "type": "framework" },
    { "name": "New Learning Initiative", "type": "initiative" },
    { "name": "University Platform", "type": "platform" },
    { "name": "Research Strategy Plan", "type": "strategy" },
    { "name": "Study Abroad Experience", "type": "experience" },
    { "name": "National Education Organization", "type": "organization" },
    { "name": "Main Campus", "type": "location" },
    { "name": "STEM Education Program", "type": "program" },
    { "name": "Physics Major", "type": "major" },
    { "name": "Vocational Education", "type": "types_of_education" },
    { "name": "Full-time Student", "type": "student_status" },
    { "name": "Diploma in Education", "type": "diploma" },
    { "name": "Learning Outcome Assessment", "type": "skill_and_learning_outcome" },
    { "name": "Researcher", "type": "occupation" },
    { "name": "North Campus", "type": "campus" },
    { "name": "United States", "type": "country" },
    { "name": "Math Benchmark", "type": "benchmark" },
    { "name": "Grade Cut-off Policy", "type": "grade_cut_off" },
    { "name": "Final Exams", "type": "exams" },
    { "name": "Placement Tests", "type": "tests" },
    { "name": "Open Day Event", "type": "event" },
    { "name": "Student Center Facility", "type": "facility" },
    { "name": "Graduation Event", "type": "event" },
    { "name": "School Policy", "type": "policy" },
    { "name": "Teaching Certification", "type": "certification" },
    { "name": "Digital Learning Resource", "type": "learning_resource" },
    { "name": "Assessment Tool", "type": "assessment_tool" },
    { "name": "STEM Learning Pathway", "type": "learning_pathway" },
    { "name": "Work Experience Program", "type": "work_experience" },
    { "name": "Professional Development", "type": "professional_development" },
    { "name": "Parent Stakeholder Group", "type": "stakeholder" },
    { "name": "Educational Digital Tool", "type": "digital_tool" }
]
