{
  "somebody_do_something_at": {
    "init_prompts": [
      "<ENT0> Có thể <ENT1> TRONG <ENT2> ."
    ],
    "seed_ent_tuples": [
      [
        "mọi người",
        "tập thể dục",
        "phòng tập thể dục"
      ],
      [
        "chim",
        "bay",
        "bầu trời"
      ],
      [
        "học sinh",
        "học",
        "lớp học"
      ],
      [
        "người chơi",
        "chơi",
        "đất"
      ],
      [
        "người lính",
        "trận đánh",
        "chiến trường"
      ]
    ],
    "prompts": [
      "Tại <ENT2> , <ENT0> Có thể <ENT1> .",
      "<ENT0> quét <ENT1> trong <ENT2> .",
      "các <ENT2> là một nơi mà <ENT0> Có thể <ENT1> .",
      "các <ENT0> có thể chọn <ENT1> trong <ENT2> hoặc trực tuyến.",
      "MỘT <ENT0> có thể học hiệu quả bằng cách <ENT1>đang ở trong một <ENT2> cài đặt .",
      "Nhìn lên <ENT2> , dễ dàng nhận thấy điều đó <ENT0> quét <ENT1> .",
      "Tại <ENT2> , <ENT0> quét <ENT1> cùng nhau và học hỏi lẫn nhau.",
      "MỘT <ENT0> Có thể <ENT1> trong một <ENT2> một mình hoặc với một nhóm bạn.",
      "Tại <ENT2> , <ENT0> có thể sử dụng máy móc để <ENT1> , hoặc họ có thể tham gia các lớp học .",
      "Tại <ENT2> , <ENT0> Có thể <ENT1> bằng cách sử dụng các loại máy móc và thiết bị sẵn có.",
      "Có rất nhiều tiện ích dành cho <ENT0> những người muốn giữ dáng và <ENT1> , một trong số đó là <ENT2> ."
    ]
  },
  "prevent": {
    "init_prompts": [
      "<ENT0> ngăn cản <ENT1> ."
    ],
    "seed_ent_tuples": [
      [
        "mặt nạ",
        "vi-rút"
      ],
      [
        "bài tập",
        "bệnh"
      ],
      [
        "học tập chăm chỉ",
        "trượt kỳ thi"
      ],
      [
        "đọc",
        "ngốc nghếch"
      ],
      [
        "bảo hiểm",
        "phá sản"
      ]
    ],
    "prompts": [
      "<ENT0> ngăn cản <ENT1> .",
      "Nếu bạn <ENT0> , bạn sẽ không <ENT1> .",
      "<ENT0> cung cấp một mạng lưới an toàn chống lại <ENT1> .",
      "Nếu bạn <ENT0> , bạn ít có khả năng <ENT1> .",
      "MỘT <ENT0> sẽ bảo vệ bạn khỏi bị <ENT1> .",
      "Nếu bạn muốn tránh bị <ENT1> , bắt đầu <ENT0> hơn .",
      "Nếu bạn không muốn trở thành <ENT1> , bạn nên <ENT0> thường .",
      "<ENT0> có hiệu quả trong việc ngăn chặn sự lây lan của <ENT1> .",
      "Đây là một cách diễn đạt của câu nói \" <ENT0> ngăn cản <ENT1> nó.\" .",
      "<ENT0> là một phần quan trọng để giữ sức khỏe và ngăn ngừa <ENT1> .",
      "Thường xuyên <ENT0> đã được chứng minh là một trong những cách hiệu quả nhất để ngăn chặn <ENT1> .",
      "<ENT0> bảo vệ mọi người khỏi phải khai báo <ENT1> trong trường hợp xảy ra tai nạn hoặc trường hợp khẩn cấp.",
      "<ENT0> ngăn chặn sự lây lan của <ENT1> bằng cách giữ lại những giọt nước bắn ra khi người dùng nói, ho hoặc hắt hơi.",
      "Có thể nói rằng <ENT0> ngăn cản <ENT1> , vì nó cung cấp một mạng lưới an toàn cho mọi người trong trường hợp có trở ngại bất ngờ .",
      "Thường xuyên <ENT0> có nhiều lợi ích sức khỏe khác nhau và thường được bác sĩ kê toa như một biện pháp phòng ngừa các bệnh phát triển khác nhau. <ENT1> ."
    ]
  },
  "help": {
    "init_prompts": [
      "<ENT0> có thể giúp đỡ <ENT1> ."
    ],
    "seed_ent_tuples": [
      [
        "bác sĩ",
        "kiên nhẫn"
      ],
      [
        "giáo viên",
        "học sinh"
      ],
      [
        "quản gia",
        "bà nội trợ"
      ],
      [
        "trợ giảng",
        "giáo sư"
      ],
      [
        "cảnh sát",
        "nạn nhân"
      ]
    ],
    "prompts": [
      "MỘT <ENT0> có thể giúp một <ENT1> .",
      "các <ENT0> có thể giúp với <ENT1> công việc của .",
      "MỘT <ENT0> có thể hỗ trợ một <ENT1> với nhiệm vụ của mình.",
      "Nếu bạn là một <ENT1> của một tội ác, <ENT0> có thể giúp bạn.",
      "các <ENT0> có thể giúp <ENT1> với nhu cầu y tế của họ.",
      "MỘT <ENT0> có thể giúp một <ENT1> bằng cách cung cấp hướng dẫn và hỗ trợ.",
      "MỘT <ENT0> có thể giúp giải quyết các công việc gia đình cho một <ENT1> .",
      "MỘT <ENT0> sĩ quan có thể giúp đỡ một <ENT1> bằng cách cung cấp cho họ sự bảo vệ và hỗ trợ.",
      "MỘT <ENT0> có thể giúp đỡ những công việc quanh nhà, giúp <ENT1> nhiều thời gian rảnh rỗi hơn.",
      "MỘT <ENT0> có thể giúp đỡ một <ENT1> bằng cách làm những việc như dọn dẹp, nấu ăn và chạy việc vặt.",
      "MỘT <ENT0> có thể giúp một <ENT1> theo nhiều cách, từ chấm bài cho đến dẫn dắt phần thảo luận.",
      "MỘT <ENT0> có thể giúp một <ENT1> bằng cách cung cấp hướng dẫn, trả lời câu hỏi và đưa ra phản hồi.",
      "MỘT <ENT0> có thể giúp một <ENT1> với khối lượng công việc của họ bằng cách đảm nhận một số trách nhiệm giảng dạy.",
      "MỘT <ENT0> có thể giúp một <ENT1> bằng cách chấm điểm các bài viết, hướng dẫn các phần thảo luận và cung cấp giờ hành chính.",
      "các <ENT0> có thể giúp đỡ <ENT1> phạm tội bằng cách điều tra vụ việc và lấy lời khai của các nhân chứng."
    ]
  },
  "place_for": {
    "init_prompts": [
      "<ENT0> là nơi dành cho <ENT1> ."
    ],
    "seed_ent_tuples": [
      [
        "phòng tập thể dục",
        "bài tập"
      ],
      [
        "lớp học",
        "học"
      ],
      [
        "văn phòng",
        "công việc"
      ],
      [
        "bệnh viện",
        "điều trị y tế"
      ],
      [
        "siêu thị",
        "mua sắm"
      ]
    ],
    "prompts": [
      "các <ENT0> là nơi dành cho <ENT1> .",
      "Không có nơi nào giống như <ENT0> vì <ENT1> .",
      "<ENT0> là một nơi tuyệt vời để làm một số việc <ENT1> .",
      "các <ENT0> là nơi mọi người đến <ENT1> .",
      "Không có nơi nào tốt hơn để <ENT1> hơn trong một <ENT0> .",
      "các <ENT0> là nơi tốt nhất để có được một số <ENT1> xong .",
      "các <ENT0> cung cấp một môi trường cho con người <ENT1> .",
      "Nếu bạn muốn làm một số việc <ENT1> , bạn có thể đi đến <ENT0> .",
      "Nếu bạn đang muốn làm một số việc <ENT1> , <ENT0> là nơi dành cho bạn.",
      "Nếu bạn đang muốn làm một số việc <ENT1> , sau đó bạn nên đi tới <ENT0> .",
      "Nếu bạn đang muốn có được thân hình cân đối và <ENT1> , cái <ENT0> là nơi hoàn hảo để làm điều đó.",
      "Không có nơi nào giống như <ENT0> vì <ENT1> bởi vì bạn có quyền sử dụng tất cả các thiết bị cần thiết để tập luyện hiệu quả ."
    ]
  },
  "antonym": {
    "init_prompts": [
      "<ENT0> là trái ngược với <ENT1> ."
    ],
    "seed_ent_tuples": [
      [
        "mập",
        "gầy"
      ],
      [
        "vui mừng",
        "buồn"
      ],
      [
        "phía bắc",
        "phía nam"
      ],
      [
        "đàn bà",
        "người đàn ông"
      ],
      [
        "vượt qua",
        "thất bại"
      ]
    ],
    "prompts": [
      "MỘT <ENT0> không phải là một <ENT1> .",
      "Từ trái nghĩa của <ENT0> là <ENT1> .",
      "<ENT1> là trái ngược với <ENT0> .",
      "Khi bạn <ENT1> , bạn không phải <ENT0> .",
      "<ENT1> là để <ENT0> như đêm là ngày.",
      "<ENT0> Và <ENT1> là những khái niệm trái ngược nhau.",
      "Nếu bạn <ENT1> , điều đó có nghĩa là bạn đã không <ENT0> .",
      "Khi một người là <ENT0> , họ không phải <ENT1> .",
      "Hai từ \" <ENT0> \" Và \" <ENT1> \" là những từ trái nghĩa .",
      "<ENT0> là hướng ngược lại với <ENT1> .",
      "trở thành <ENT1> là có một lượng nhỏ cơ thể <ENT0> .",
      "Khi một cái gì đó <ENT0> , nó thành công và khi có điều gì đó <ENT1> , nó không thành công.",
      "Nếu bạn <ENT0> điều gì đó, bạn đã thành công, và nếu bạn <ENT1> một cái gì đó, bạn đã không thành công.",
      "Điều này có nghĩa là đơn giản vì ai đó không <ENT0> điều gì đó không có nghĩa là họ có <ENT1> ."
    ]
  },
  "separated_by_the_ocean": {
    "init_prompts": [
      "<ENT1> Và <ENT0> bị ngăn cách bởi đại dương."
    ],
    "seed_ent_tuples": [
      [
        "Trung Quốc",
        "Nhật Bản"
      ],
      [
        "Úc",
        "New Zealand"
      ],
      [
        "Vương quốc Anh",
        "lục địa"
      ],
      [
        "Hoa Kỳ",
        "Cuba"
      ],
      [
        "Tây ban nha",
        "Ma-rốc"
      ]
    ],
    "prompts": [
      "Đại dương tách ra <ENT1> từ <ENT0> .",
      "Có một đại dương ngăn cách <ENT1> Và <ENT0> .",
      "Thái Bình Dương nằm giữa <ENT0> Và <ENT1> .",
      "<ENT1> Và <ENT0> bị ngăn cách bởi biển tasman.",
      "Có một khoảng cách khoảng 1.500 dặm giữa <ENT1> và <ENT0> .",
      "Khoảng cách giữa <ENT1> Và <ENT0> rộng lớn, có đại dương ở giữa.",
      "<ENT1> Và <ENT0> là hai quốc gia khác nhau nằm trên các châu lục khác nhau.",
      "<ENT0> Và <ENT1> là hai quốc gia gần nhau nhưng cách nhau bởi đại dương.",
      "Có một khối nước lớn, được gọi là đại dương Đại Tây Dương, ngăn cách hai khối đất liền của <ENT1> và <ENT0> .",
      "Trong khi <ENT1> Và <ENT0> đều nằm ở khu vực Châu Đại Dương trên thế giới, hai nước cách nhau bởi biển Tasman."
    ]
  },
  "representative_figure": {
    "init_prompts": [
      "<ENT0> là hình ảnh đại diện của <ENT1> ."
    ],
    "seed_ent_tuples": [
      [
        "Lionel Messi",
        "Barcelona"
      ],
      [
        "Steven Jobs",
        "Quả táo"
      ],
      [
        "Nelson Mandela",
        "Nam Phi"
      ],
      [
        "Taylor Swift",
        "nhạc đồng quê"
      ],
      [
        "2Pac",
        "nhạc pop"
      ]
    ],
    "prompts": [
      "<ENT0> là một <ENT1> biểu tượng .",
      "<ENT0> là khuôn mặt của <ENT1> .",
      "<ENT0> là nhân vật đại diện của <ENT1> .",
      "<ENT0> là người đồng sáng lập và CEO của <ENT1> inc .",
      "<ENT0> là biểu tượng nhất <ENT1> của thời đại của mình.",
      "<ENT0> là biểu tượng hy vọng của nhiều người trong <ENT1> .",
      "<ENT0> là một trong những phổ biến nhất <ENT1> nghệ sĩ ngày nay.",
      "<ENT0> được coi là cha đẻ của hiện đại <ENT1> trạng thái .",
      "<ENT0> là một trong những người có ảnh hưởng nhất <ENT1> người của thời đại chúng ta.",
      "<ENT0> là một <ENT1> biểu tượng và là một trong những cầu thủ bóng đá giỏi nhất thế giới.",
      "Là một trong những thành công và phổ biến nhất <ENT1> nghệ sĩ, <ENT0> thể hiện tốt thể loại này.",
      "Nếu bạn đang tìm kiếm một nhân vật đại diện cho <ENT1> , bạn không thể làm tốt hơn nhiều <ENT0> .",
      "<ENT0> là người đồng sáng lập của <ENT1> và giữ chức vụ CEO của công ty cho đến khi ông qua đời vào năm 2011 .",
      "Nếu như <ENT0> là hình ảnh đại diện của <ENT1> , thì điều đó có nghĩa ông là người lên tiếng cho đất nước .",
      "Nếu như <ENT0> là nhân vật đại diện của <ENT1> , anh ấy sẽ là một nghệ sĩ cực kỳ có ảnh hưởng và nổi tiếng .",
      "Nếu chúng ta đang nói về hiện tại, phổ biến <ENT1> , vậy thì bạn có thể nói thế <ENT0> là hình ảnh đại diện."
    ]
  },
  "ingredient_for": {
    "init_prompts": [
      "<ENT0> là một thành phần cho <ENT1> ."
    ],
    "seed_ent_tuples": [
      [
        "bột mì",
        "bánh ngọt"
      ],
      [
        "thịt bò",
        "bánh hamburger"
      ],
      [
        "khoai tây",
        "chip"
      ],
      [
        "cơm chiên",
        "cơm"
      ],
      [
        "bánh ngắm sao",
        "cây ăn quả"
      ]
    ],
    "prompts": [
      "<ENT1> nhu cầu <ENT0> như một thành phần.",
      "Một cách để sử dụng <ENT0> là để làm <ENT1> .",
      "<ENT0> là thành phần quan trọng để tạo nên một <ENT1> .",
      "Một trong những nguyên liệu để làm nên <ENT1> là <ENT0> .",
      "Nếu bạn muốn làm một <ENT1> , bạn sẽ cần một ít <ENT0> .",
      "MỘT <ENT0> là nguyên liệu được dùng để làm <ENT1> .",
      "<ENT0> là một món ăn có chứa <ENT1> như một trong những thành phần của nó.",
      "<ENT0> là một món ăn phổ biến được làm bằng <ENT1> làm thành phần chính.",
      "<ENT0> là một loại chả cá thường được làm bằng <ENT1> .",
      "<ENT0> là món ăn được làm từ <ENT1> đã được chiên trong chảo hoặc chảo."
    ]
  },
  "business": {
    "init_prompts": [
      "<ENT0> bán <ENT1> ."
    ],
    "seed_ent_tuples": [
      [
        "Nissan",
        "xe hơi"
      ],
      [
        "Quả táo",
        "máy tính xách tay"
      ],
      [
        "Vỏ bọc",
        "dầu"
      ],
      [
        "Nvidia",
        "GPU"
      ],
      [
        "McDonald",
        "bánh hamburger"
      ]
    ],
    "prompts": [
      "<ENT0> bán <ENT1> .",
      "<ENT0> là một <ENT1> công ty .",
      "<ENT0> được biết đến với việc bán <ENT1> .",
      "<ENT0> là một công ty bán <ENT1> .",
      "<ENT0> là quốc tế <ENT1> và công ty gas.",
      "<ENT0> là một <ENT1> công ty sản xuất và bán xe ô tô.",
      "<ENT0> bán <ENT1> thông qua cửa hàng trực tuyến và các địa điểm bán lẻ.",
      "<ENT0> là một chuỗi cửa hàng thức ăn nhanh nổi tiếng được biết đến với việc bán <ENT1> .",
      "<ENT0> là một công ty thức ăn nhanh chuyên về <ENT1> , gà rán và nước ngọt.",
      "<ENT0> là công ty chuyên sản xuất <ENT1> hoặc các đơn vị xử lý đồ họa.",
      "<ENT0> là người Nhật <ENT1> công ty bán nhiều loại xe, từ nhỏ đến lớn, từ bình dân đến cao cấp .",
      "<ENT0> tự mô tả mình là \"công ty công nghệ thông tin lớn nhất thế giới tính theo doanh thu\" và họ bán nhiều sản phẩm, bao gồm cả <ENT1> ."
    ]
  },
  "featured_thing": {
    "init_prompts": [
      "<ENT0> là rất <ENT1> <ENT2> ."
    ],
    "seed_ent_tuples": [
      [
        "trứng",
        "rẻ",
        "đồ ăn"
      ],
      [
        "con trăn",
        "dài",
        "rắn"
      ],
      [
        "Messi",
        "khéo léo",
        "cầu thủ bóng đá"
      ],
      [
        "Nga",
        "lớn",
        "quốc gia"
      ],
      [
        "Amazon",
        "giàu có",
        "công ty"
      ]
    ],
    "prompts": [
      "các <ENT0> <ENT2> rất <ENT1> .",
      "<ENT0> là rất <ENT1> <ENT2> .",
      "<ENT0> chắc chắn là một <ENT1> <ENT2> .",
      "<ENT0> là rất <ENT1> và thành công <ENT2> .",
      "Bạn khó có thể tìm thấy một <ENT1>ờ <ENT2> hơn <ENT0> .",
      "Không còn nghi ngờ gì nữa <ENT0> là rất <ENT1> <ENT2> .",
      "Nó bao phủ rất nhiều mặt đất, <ENT0> là rất <ENT1> <ENT2> .",
      "Một đĩa đơn <ENT0> là rất <ENT1> và giá cả phải chăng <ENT2> mục .",
      "<ENT0> là một loại <ENT2> điều đó có thể phát triển thành rất <ENT1> .",
      "Mặc dù <ENT0> không phải là của thế giới <ENT1>ước tính <ENT2> , nó vẫn rất giàu có ."
    ]
  },
  "need_sth_to_do_sth": {
    "init_prompts": [
      "<ENT0> nhu cầu <ENT1> ĐẾN <ENT2> ."
    ],
    "seed_ent_tuples": [
      [
        "nhà phát triển",
        "máy tính",
        "mã số"
      ],
      [
        "mọi người",
        "phương tiện truyền thông xã hội",
        "kết nối"
      ],
      [
        "con lợn",
        "đồ ăn",
        "phát triển"
      ],
      [
        "mọi người",
        "tiền bạc",
        "sống"
      ],
      [
        "thực tập sinh",
        "hiệu suất tốt",
        "đề nghị trả lại"
      ]
    ],
    "prompts": [
      "<ENT0> nhu cầu <ENT1> ĐẾN <ENT2> .",
      "Để <ENT2> , <ENT0> nhu cầu <ENT1> .",
      "Có nhu cầu về <ENT1> ĐẾN <ENT2> <ENT0> .",
      "MỘT <ENT0> yêu cầu <ENT1> để <ENT2> .",
      "<ENT0> cảm thấy cần phải <ENT2> bởi vì <ENT1> .",
      "MỘT <ENT0> yêu cầu <ENT1> ĐẾN <ENT2> với nhau.",
      "<ENT0> cảm thấy rằng họ cần <ENT1> để <ENT2> .",
      "MỘT <ENT0> sẽ chỉ <ENT2> nếu nó có đủ <ENT1> để ăn .",
      "Không có <ENT1> , <ENT0> sẽ có một thời gian khó khăn hơn <ENT2> với những người khác.",
      "Nó quan trọng đối với <ENT0> để có thể <ENT2> với nhau thông qua <ENT1> ."
    ]
  },
  "can_but_not_good": {
    "init_prompts": [
      "<ENT0> Có thể <ENT1> nhưng không giỏi."
    ],
    "seed_ent_tuples": [
      [
        "thịt gà",
        "bay"
      ],
      [
        "chó",
        "bơi"
      ],
      [
        "người chạy đường dài",
        "chạy nước rút"
      ],
      [
        "người trượt ván",
        "trượt tuyết"
      ],
      [
        "nhà nghiên cứu",
        "dạy bảo"
      ]
    ],
    "prompts": [
      "<ENT0> bạn không giỏi <ENT1> .",
      "<ENT0> quét <ENT1> , nhưng họ không giỏi việc đó lắm .",
      "Trung bình <ENT0> không đặc biệt giỏi về <ENT1> .",
      "các <ENT0> có kỹ năng về <ENT1> , nhưng không đặc biệt giỏi về nó.",
      "<ENT0> bạn không giỏi <ENT1> vì chúng không được xây dựng cho nó .",
      "<ENT1> đòi hỏi tốc độ và sức mạnh bùng nổ, mà <ENT0> thường thiếu.",
      "<ENT0> nó không đặc biệt tốt <ENT1> , nhưng họ có thể làm điều đó nếu họ cần.",
      "Trong khi <ENT0> có khả năng <ENT1> , họ không đặc biệt thành thạo về nó.",
      "<ENT0> bạn không giỏi <ENT1> vì họ thiếu thiết bị và đào tạo phù hợp.",
      "Trong khi <ENT0> Họ thường rất xuất sắc trong công việc của mình, <ENT1> thường không phải là một bộ đồ mạnh mẽ.",
      "Mặc dù <ENT0> về mặt lý thuyết là có thể <ENT1> , họ không giỏi việc đó lắm và thường nằm yên trên mặt đất .",
      "Trong khi <ENT0> chúng ta có thể <ENT1> , theo bản năng họ không giỏi việc đó và có thể cần sự giúp đỡ hoặc khuyến khích để làm điều đó ."
    ]
  },
  "worth_celebrating": {
    "init_prompts": [
      "Thật đáng để ăn mừng vì một <ENT0> ĐẾN <ENT1> ."
    ],
    "seed_ent_tuples": [
      [
        "đội",
        "wim"
      ],
      [
        "học sinh",
        "vượt qua kỳ thi"
      ],
      [
        "nhà nghiên cứu",
        "xuất bản giấy"
      ],
      [
        "mọi người",
        "kiếm tiền"
      ],
      [
        "cha mẹ",
        "có được một em bé"
      ]
    ],
    "prompts": [
      "Thật tốt khi <ENT0> <ENT1> .",
      "Thật tuyệt vời cho <ENT0> ĐẾN <ENT1> .",
      "Thật tuyệt vời khi một nhóm <ENT0> <ENT1> .",
      "Thật tuyệt vời khi <ENT0> <ENT1> là một nhóm.",
      "Thật đáng để ăn mừng khi <ENT0> <ENT1> .",
      "Luôn luôn tốt khi <ENT0> <ENT1> đang làm tốt.",
      "Khi một nhóm <ENT0> <ENT1> , thật đáng để ăn mừng .",
      "Có giá trị trong việc ăn mừng khi nhóm <ENT0> <ENT1> .",
      "Luôn luôn tốt khi <ENT0> <ENT1> , bất kể chủ đề.",
      "Đây được coi là thành tựu đáng kể đối với <ENT0> khi họ <ENT1> ."
    ]
  },
  "potential_risk": {
    "init_prompts": [
      "Một nguy cơ tiềm tàng của <ENT0> là <ENT1> ."
    ],
    "seed_ent_tuples": [
      [
        "chơi trò chơi",
        "trượt kỳ thi"
      ],
      [
        "thiếu ngủ",
        "bệnh tim"
      ],
      [
        "kẹo",
        "sâu răng"
      ],
      [
        "chuyến bay",
        "tai nạn máy bay"
      ],
      [
        "sự đầu tư",
        "mất tiền"
      ]
    ],
    "prompts": [
      "<ENT0> có thể dẫn đến <ENT1> .",
      "<ENT0> có thể gây ra <ENT1> .",
      "Một nguy cơ tiềm ẩn của <ENT0> là <ENT1> .",
      "Ăn quá nhiều <ENT0> có thể gây ra <ENT1> .",
      "Nếu một <ENT1> , đó là một nguy cơ tiềm ẩn của <ENT0> .",
      "Nếu bạn có <ENT1> , bạn có thể gặp rủi ro vì <ENT0> .",
      "<ENT0> có liên quan đến việc tăng nguy cơ <ENT1> .",
      "MỘT <ENT0> luôn tiềm ẩn một số rủi ro—bạn có thể <ENT1> trên đó.",
      "<ENT0> có thể dẫn đến <ENT1> nếu không ăn uống điều độ.",
      "MỘT <ENT0> luôn đi kèm với tiềm năng để thực hiện hoặc <ENT1> .",
      "Nếu một <ENT0> không được thực hiện đúng cách, nó có thể gây ra <ENT1> .",
      "Nếu một <ENT0> không được lập kế hoạch hoặc thực hiện tốt, nó có thể dẫn đến <ENT1> .",
      "Một nghiên cứu mới đã phát hiện ra rằng <ENT0> có liên quan đến việc tăng nguy cơ <ENT1> .",
      "Nếu bạn có một <ENT1> , bạn có nguy cơ bị sâu răng cao hơn nếu ăn <ENT0> .",
      "Một nghiên cứu gần đây đã phát hiện ra rằng có mối tương quan giữa việc ăn uống <ENT0> và tăng nguy cơ <ENT1> ."
    ]
  }
}